[[{"__type__":"cc.SceneAsset","_name":"gameOver","scene":{"__id__":1},"asyncLoadAssets":null},{"__type__":"cc.Scene","_name":"New Node","_children":[{"__id__":2}],"_anchorPoint":{"__type__":"cc.Vec2"},"_scale":{"__type__":"cc.Vec3","x":0.3268961621011117,"y":0.3268961621011117,"z":1},"autoReleaseAssets":false},{"__type__":"cc.Node","_name":"Canvas","_parent":{"__id__":1},"_children":[{"__id__":3},{"__id__":4},{"__id__":5}],"_components":[{"__type__":"cc.Canvas","node":{"__id__":2}},{"__type__":"f64f5xJCxlChLgTXI/ntJMe","node":{"__id__":2},"restartBtn":{"__id__":6}}],"_contentSize":{"__type__":"cc.Size","width":960,"height":640},"_position":{"__type__":"cc.Vec3","x":480,"y":320},"_scale":{"__type__":"cc.Vec3","x":1,"y":1,"z":1},"_id":"76EINFwR9NJ4g3C0QSzIHb"},{"__type__":"cc.Node","_name":"Main Camera","_parent":{"__id__":2},"_level":1,"_components":[{"__type__":"cc.Camera","node":{"__id__":3},"_clearFlags":7,"_depth":-1}],"_scale":{"__type__":"cc.Vec3","x":1,"y":1,"z":1}},{"__type__":"cc.Node","_name":"gameover","_parent":{"__id__":2},"_level":1,"_components":[{"__type__":"cc.Sprite","node":{"__id__":4},"_spriteFrame":{"__uuid__":"6dh9Z/2XpDdqb3A4qemegv"}}],"_contentSize":{"__type__":"cc.Size","width":533,"height":300},"_position":{"__type__":"cc.Vec3","y":-2},"_scale":{"__type__":"cc.Vec3","x":2.26,"y":2.26,"z":1}},{"__type__":"cc.Node","_name":"restartBtn","_parent":{"__id__":2},"_level":1,"_components":[{"__id__":6}],"_color":{"__type__":"cc.Color","r":185,"g":12,"b":12},"_contentSize":{"__type__":"cc.Size","width":280,"height":75},"_position":{"__type__":"cc.Vec3","x":-12,"y":-235},"_scale":{"__type__":"cc.Vec3","x":1,"y":1,"z":1}},{"__type__":"cc.Label","node":{"__id__":5},"_useOriginalSize":false,"_string":"重新开始","_N$string":"重新开始","_fontSize":70,"_lineHeight":75,"_N$horizontalAlign":1,"_N$verticalAlign":1}],{"__type__":"cc.SpriteFrame","content":{"name":"gameover","texture":"6cgJGEC1NNrJgygszw9a0k","rect":[0,0,533,300],"offset":[0,0],"originalSize":[533,300],"capInsets":[0,0,0,0]}}]