[{"__type__":"cc.SpriteFrame","content":{"name":"boar","texture":"89hpBZLB9MA4ris88F+oxY","rect":[0,67,512,378],"offset":[0,0],"originalSize":[512,512],"capInsets":[0,0,0,0]}},{"__type__":"cc.SpriteFrame","content":{"name":"rotate","texture":"c1UAL+O81AqpSF0477iLLi","rect":[0,26,512,460],"offset":[0,0],"originalSize":[512,512],"capInsets":[0,0,0,0]}},[{"__type__":"cc.SceneAsset","_name":"mainStage","scene":{"__id__":1},"asyncLoadAssets":null},{"__type__":"cc.Scene","_name":"New Node","_children":[{"__id__":2}],"_anchorPoint":{"__type__":"cc.Vec2"},"_scale":{"__type__":"cc.Vec3","x":0.3764765087699949,"y":0.3764765087699949,"z":1},"autoReleaseAssets":false},{"__type__":"cc.Node","_name":"Canvas","_parent":{"__id__":1},"_children":[{"__id__":3},{"__id__":4},{"__id__":5},{"__id__":6},{"__id__":7},{"__id__":9},{"__id__":10},{"__id__":12},{"__id__":14},{"__id__":26},{"__id__":28}],"_components":[{"__type__":"cc.Canvas","node":{"__id__":2},"_designResolution":{"__type__":"cc.Size","width":800,"height":500},"_fitWidth":true},{"__type__":"7ba1dEqxGlOBL8fDv89sKsC","node":{"__id__":2},"data":{"__uuid__":"b8hnwQ89FE2paz6sRc6cbJ"},"animalPrefabNode":{"__uuid__":"425Ye/RylHa4I8A8xs3Fhf"},"lanternNode":{"__id__":5},"bridgeNode":{"__id__":6},"goBtnNode":{"__id__":9},"AnimalTimeConsumingDisplayer":{"__id__":11},"crossTimeConsumingDisplayer":{"__id__":13},"timer":{"__id__":8},"tipBtn":{"__id__":27},"restartBtnNode":{"__id__":28}}],"_contentSize":{"__type__":"cc.Size","width":800,"height":500},"_position":{"__type__":"cc.Vec3","x":400,"y":250},"_scale":{"__type__":"cc.Vec3","x":0.8,"y":0.8,"z":1},"_id":"45z3Utd99K5rbQGX7J81En"},{"__type__":"cc.Node","_name":"Main Camera","_parent":{"__id__":2},"_level":1,"_components":[{"__type__":"cc.Camera","node":{"__id__":3},"_clearFlags":7,"_depth":-1}],"_scale":{"__type__":"cc.Vec3","x":1,"y":1,"z":1}},{"__type__":"cc.Node","_name":"background","_parent":{"__id__":2},"_level":1,"_components":[{"__type__":"cc.Sprite","node":{"__id__":4},"_spriteFrame":{"__uuid__":"58oyZ3489HRp61ck8w1TM3"}}],"_contentSize":{"__type__":"cc.Size","width":1360,"height":760},"_scale":{"__type__":"cc.Vec3","x":0.76,"y":0.85,"z":1}},{"__type__":"cc.Node","_name":"lantern","_parent":{"__id__":2},"_level":1,"_components":[{"__type__":"cc.Sprite","node":{"__id__":5},"_spriteFrame":{"__uuid__":"48qSH6gmdARLSIzcW/QaG2"}},{"__type__":"3f2731aPmhJp4ZR/UgC1A3V","node":{"__id__":5},"data":{"__uuid__":"b8hnwQ89FE2paz6sRc6cbJ"}}],"_contentSize":{"__type__":"cc.Size","width":512,"height":504},"_position":{"__type__":"cc.Vec3","x":182,"y":-156},"_scale":{"__type__":"cc.Vec3","x":0.1,"y":0.1,"z":1}},{"__type__":"cc.Node","_name":"bridge","_parent":{"__id__":2},"_level":1,"_components":[{"__type__":"73993GDgVhJr5lJgD1XHCkp","node":{"__id__":6},"data":{"__uuid__":"b8hnwQ89FE2paz6sRc6cbJ"}}],"_scale":{"__type__":"cc.Vec3","x":0.76,"y":0.85,"z":1}},{"__type__":"cc.Node","_name":"Timer","_parent":{"__id__":2},"_level":1,"_components":[{"__id__":8},{"__type__":"df855ALa4ZHuId9GfYLcNn0","node":{"__id__":7}}],"_contentSize":{"__type__":"cc.Size","width":178.91,"height":40},"_position":{"__type__":"cc.Vec3","x":292,"y":279},"_scale":{"__type__":"cc.Vec3","x":1,"y":1,"z":1}},{"__type__":"cc.Label","node":{"__id__":7},"_useOriginalSize":false,"_string":"总耗时: 0秒","_N$string":"总耗时: 0秒","_fontSize":35,"_N$horizontalAlign":1,"_N$verticalAlign":1},{"__type__":"cc.Node","_name":"goBtn","_parent":{"__id__":2},"_level":1,"_components":[{"__type__":"cc.Sprite","node":{"__id__":9},"_spriteFrame":{"__uuid__":"fbcLr+eydLupbDH8J+u6qM"}},{"__type__":"9d833jSFk1My4nt5AAmnGgi","node":{"__id__":9}}],"_contentSize":{"__type__":"cc.Size","width":512,"height":492},"_position":{"__type__":"cc.Vec3","x":21,"y":250},"_scale":{"__type__":"cc.Vec3","x":0.19,"y":0.19,"z":1}},{"__type__":"cc.Node","_name":"AnimalTimeConsumingDisplayer","_parent":{"__id__":2},"_level":1,"_components":[{"__id__":11}],"_contentSize":{"__type__":"cc.Size","width":211.68,"height":32},"_position":{"__type__":"cc.Vec3","x":-329,"y":265},"_scale":{"__type__":"cc.Vec3","x":1,"y":1,"z":1}},{"__type__":"cc.Label","node":{"__id__":10},"_useOriginalSize":false,"_string":"猎豹过桥需要1s","_N$string":"猎豹过桥需要1s","_fontSize":30,"_lineHeight":32,"_N$horizontalAlign":1,"_N$verticalAlign":1},{"__type__":"cc.Node","_name":"crossTimeConsumingDisplayer","_parent":{"__id__":2},"_level":1,"_components":[{"__id__":13}],"_opacity":0,"_contentSize":{"__type__":"cc.Size","width":302.25,"height":40},"_position":{"__type__":"cc.Vec3","x":6,"y":184},"_scale":{"__type__":"cc.Vec3","x":1,"y":1,"z":1}},{"__type__":"cc.Label","node":{"__id__":12},"_useOriginalSize":false,"_string":"此次过河需要1秒","_N$string":"此次过河需要1秒","_N$horizontalAlign":1,"_N$verticalAlign":1},{"__type__":"cc.Node","_name":"ruleContext","_parent":{"__id__":2},"_children":[{"__id__":15},{"__id__":16},{"__id__":17},{"__id__":18},{"__id__":19},{"__id__":20},{"__id__":21},{"__id__":22},{"__id__":23},{"__id__":24}],"_level":1,"_components":[{"__id__":25}],"_contentSize":{"__type__":"cc.Size","width":300,"height":500},"_position":{"__type__":"cc.Vec3","x":330,"y":-13},"_scale":{"__type__":"cc.Vec3","x":1,"y":1,"z":1}},{"__type__":"cc.PrivateNode","_name":"RICHTEXT_CHILD","_parent":{"__id__":14},"_level":2,"_components":[{"__type__":"cc.Label","node":{"__id__":15},"_string":"游戏目的：所有动物到达右","_N$string":"游戏目的：所有动物到达右","_fontSize":25,"_lineHeight":50,"_N$verticalAlign":1}],"_contentSize":{"__type__":"cc.Size","width":300,"height":50},"_anchorPoint":{"__type__":"cc.Vec2"},"_position":{"__type__":"cc.Vec3","x":-150,"y":200},"_scale":{"__type__":"cc.Vec3","x":1,"y":1,"z":1}},{"__type__":"cc.PrivateNode","_name":"RICHTEXT_CHILD","_parent":{"__id__":14},"_level":2,"_components":[{"__type__":"cc.Label","node":{"__id__":16},"_string":"岸","_N$string":"岸","_fontSize":25,"_lineHeight":50,"_N$verticalAlign":1}],"_contentSize":{"__type__":"cc.Size","width":25,"height":50},"_anchorPoint":{"__type__":"cc.Vec2"},"_position":{"__type__":"cc.Vec3","x":-150,"y":150},"_scale":{"__type__":"cc.Vec3","x":1,"y":1,"z":1}},{"__type__":"cc.PrivateNode","_name":"RICHTEXT_CHILD","_parent":{"__id__":14},"_level":2,"_components":[{"__type__":"cc.Label","node":{"__id__":17},"_string":"游戏规则：","_N$string":"游戏规则：","_fontSize":25,"_lineHeight":50,"_N$verticalAlign":1}],"_contentSize":{"__type__":"cc.Size","width":125,"height":50},"_anchorPoint":{"__type__":"cc.Vec2"},"_position":{"__type__":"cc.Vec3","x":-150,"y":100},"_scale":{"__type__":"cc.Vec3","x":1,"y":1,"z":1}},{"__type__":"cc.PrivateNode","_name":"RICHTEXT_CHILD","_parent":{"__id__":14},"_level":2,"_components":[{"__type__":"cc.Label","node":{"__id__":18},"_string":"1.一次最多过两只动物","_N$string":"1.一次最多过两只动物","_fontSize":25,"_lineHeight":50,"_N$verticalAlign":1}],"_contentSize":{"__type__":"cc.Size","width":245.85,"height":50},"_anchorPoint":{"__type__":"cc.Vec2"},"_position":{"__type__":"cc.Vec3","x":-150,"y":50},"_scale":{"__type__":"cc.Vec3","x":1,"y":1,"z":1}},{"__type__":"cc.PrivateNode","_name":"RICHTEXT_CHILD","_parent":{"__id__":14},"_level":2,"_components":[{"__type__":"cc.Label","node":{"__id__":19},"_string":"2.动物过河时间从上到下分","_N$string":"2.动物过河时间从上到下分","_fontSize":25,"_lineHeight":50,"_N$verticalAlign":1}],"_contentSize":{"__type__":"cc.Size","width":295.85,"height":50},"_anchorPoint":{"__type__":"cc.Vec2"},"_position":{"__type__":"cc.Vec3","x":-150},"_scale":{"__type__":"cc.Vec3","x":1,"y":1,"z":1}},{"__type__":"cc.PrivateNode","_name":"RICHTEXT_CHILD","_parent":{"__id__":14},"_level":2,"_components":[{"__type__":"cc.Label","node":{"__id__":20},"_string":"别为1,3,6,8,12","_N$string":"别为1,3,6,8,12","_fontSize":25,"_lineHeight":50,"_N$verticalAlign":1}],"_contentSize":{"__type__":"cc.Size","width":161.21,"height":50},"_anchorPoint":{"__type__":"cc.Vec2"},"_position":{"__type__":"cc.Vec3","x":-150,"y":-50},"_scale":{"__type__":"cc.Vec3","x":1,"y":1,"z":1}},{"__type__":"cc.PrivateNode","_name":"RICHTEXT_CHILD","_parent":{"__id__":14},"_level":2,"_components":[{"__type__":"cc.Label","node":{"__id__":21},"_string":"3.过河时如果没有灯笼，那","_N$string":"3.过河时如果没有灯笼，那","_fontSize":25,"_lineHeight":50,"_N$verticalAlign":1}],"_contentSize":{"__type__":"cc.Size","width":295.85,"height":50},"_anchorPoint":{"__type__":"cc.Vec2"},"_position":{"__type__":"cc.Vec3","x":-150,"y":-100},"_scale":{"__type__":"cc.Vec3","x":1,"y":1,"z":1}},{"__type__":"cc.PrivateNode","_name":"RICHTEXT_CHILD","_parent":{"__id__":14},"_level":2,"_components":[{"__type__":"cc.Label","node":{"__id__":22},"_string":"么动物会掉进河里，所以走","_N$string":"么动物会掉进河里，所以走","_fontSize":25,"_lineHeight":50,"_N$verticalAlign":1}],"_contentSize":{"__type__":"cc.Size","width":300,"height":50},"_anchorPoint":{"__type__":"cc.Vec2"},"_position":{"__type__":"cc.Vec3","x":-150,"y":-150},"_scale":{"__type__":"cc.Vec3","x":1,"y":1,"z":1}},{"__type__":"cc.PrivateNode","_name":"RICHTEXT_CHILD","_parent":{"__id__":14},"_level":2,"_components":[{"__type__":"cc.Label","node":{"__id__":23},"_string":"的快的动物需要和走的慢的","_N$string":"的快的动物需要和走的慢的","_fontSize":25,"_lineHeight":50,"_N$verticalAlign":1}],"_contentSize":{"__type__":"cc.Size","width":300,"height":50},"_anchorPoint":{"__type__":"cc.Vec2"},"_position":{"__type__":"cc.Vec3","x":-150,"y":-200},"_scale":{"__type__":"cc.Vec3","x":1,"y":1,"z":1}},{"__type__":"cc.PrivateNode","_name":"RICHTEXT_CHILD","_parent":{"__id__":14},"_level":2,"_components":[{"__type__":"cc.Label","node":{"__id__":24},"_string":"动物一起走","_N$string":"动物一起走","_fontSize":25,"_lineHeight":50,"_N$verticalAlign":1}],"_contentSize":{"__type__":"cc.Size","width":125,"height":50},"_anchorPoint":{"__type__":"cc.Vec2"},"_position":{"__type__":"cc.Vec3","x":-150,"y":-250},"_scale":{"__type__":"cc.Vec3","x":1,"y":1,"z":1}},{"__type__":"cc.RichText","node":{"__id__":14},"_N$string":"游戏目的：所有动物到达右岸\n游戏规则：\n1.一次最多过两只动物\n2.动物过河时间从上到下分别为1,3,6,8,12\n3.过河时如果没有灯笼，那么动物会掉进河里，所以走的快的动物需要和走的慢的动物一起走","_N$fontSize":25,"_N$maxWidth":300,"_N$lineHeight":50},{"__type__":"cc.Node","_name":"tipsBtn","_parent":{"__id__":2},"_level":1,"_components":[{"__id__":27},{"__type__":"4ecab9M1fBEAZx/AHIgEiOv","node":{"__id__":26},"ruleContext":{"__id__":25}}],"_contentSize":{"__type__":"cc.Size","width":160,"height":45},"_position":{"__type__":"cc.Vec3","x":335,"y":-281},"_scale":{"__type__":"cc.Vec3","x":1,"y":1,"z":1}},{"__type__":"cc.Label","node":{"__id__":26},"_useOriginalSize":false,"_string":"游戏规则","_N$string":"游戏规则","_lineHeight":45,"_N$horizontalAlign":1,"_N$verticalAlign":1},{"__type__":"cc.Node","_name":"restartBtn","_parent":{"__id__":2},"_level":1,"_components":[{"__type__":"cc.Sprite","node":{"__id__":28},"_spriteFrame":{"__uuid__":"30GffEgP5EXqyYq9BrkyZi"}},{"__type__":"420dasRAZdMz731sl3N0x4V","node":{"__id__":28}}],"_contentSize":{"__type__":"cc.Size","width":512,"height":460},"_position":{"__type__":"cc.Vec3","x":2,"y":-251},"_scale":{"__type__":"cc.Vec3","x":0.21,"y":0.21,"z":1}}],{"__type__":"cc.Texture2D","content":"0,9729,9729,33071,33071,0"},[{"__type__":"cc.Prefab","_name":"Animal","data":{"__id__":1}},{"__type__":"cc.Node","_name":"Animal","_level":1,"_components":[{"__type__":"cc.Sprite","node":{"__id__":1},"_spriteFrame":{"__uuid__":"1afp0zl4FGzKbBnKnoV4Rf"}},{"__type__":"1322e7zL7pGAZ6w70HQuQW9","node":{"__id__":1},"data":{"__uuid__":"b8hnwQ89FE2paz6sRc6cbJ"}}],"_prefab":{"__type__":"cc.PrefabInfo","root":{"__id__":1},"asset":{"__uuid__":"425Ye/RylHa4I8A8xs3Fhf"},"fileId":"bcJ+80bUxHV5L5Vb9Qb3aS"},"_contentSize":{"__type__":"cc.Size","width":512,"height":378},"_position":{"__type__":"cc.Vec3","x":345,"y":-86},"_scale":{"__type__":"cc.Vec3","x":0.15,"y":0.15,"z":1}}],{"__type__":"cc.SpriteFrame","content":{"name":"lantern","texture":"393nAwQcNLAqyWoS30JsB9","rect":[0,5,512,504],"offset":[0,-1],"originalSize":[512,512],"capInsets":[0,0,0,0]}},{"__type__":"cc.SpriteFrame","content":{"name":"background","texture":"beU3enJOFA3pgXRnvHTdhe","rect":[0,0,1360,760],"offset":[0,0],"originalSize":[1360,760],"capInsets":[0,0,0,0]}},{"__type__":"cc.Texture2D","content":"0,9729,9729,33071,33071,0"},{"__type__":"cc.JsonAsset","_name":"GameData","json":{"animalScale":0.15,"animals":[{"name":"cheetah","chineseName":"猎豹","timeConsuming":1,"leftPos":{"x":-408,"y":157},"rightPos":{"x":345,"y":113}},{"name":"deer","chineseName":"鹿","timeConsuming":3,"leftPos":{"x":-408,"y":54},"rightPos":{"x":345,"y":10}},{"name":"boar","chineseName":"野猪","timeConsuming":6,"leftPos":{"x":-408,"y":-42},"rightPos":{"x":345,"y":-86}},{"name":"koala","chineseName":"考拉","timeConsuming":8,"leftPos":{"x":-408,"y":-150},"rightPos":{"x":345,"y":-194}},{"name":"sloth","chineseName":"树懒","timeConsuming":12,"leftPos":{"x":-408,"y":-234},"rightPos":{"x":345,"y":-278}}],"lantern":{"name":"lantern","leftPos":{"x":-171,"y":-41},"rightPos":{"x":185,"y":-149}},"leftAssemblePoint":[{"x":-206,"y":0},{"x":-220,"y":-62}],"rightAssemblePoint":[{"x":150,"y":-108},{"x":136,"y":-170}],"bridge":{"passageNum":2},"posInfo":{"LEFT_RIVER_BANK":0,"LEFT_STAND_POINT":1,"RIGHT_STAND_POINT":2,"RIGHT_RIVER_BANK":3}}},{"__type__":"cc.Texture2D","content":"0,9729,9729,33071,33071,0"},{"__type__":"cc.Texture2D","content":"0,9729,9729,33071,33071,0"},{"__type__":"cc.Texture2D","content":"0,9729,9729,33071,33071,0"},{"__type__":"cc.SpriteFrame","content":{"name":"go","texture":"e8bNj8+yJO8IASwVAU+UyQ","rect":[0,10,512,492],"offset":[0,0],"originalSize":[512,512],"capInsets":[0,0,0,0]}}]